actor name,movie name
Anne Wittman,Shapes
Anne Wittman,People in Landscape
Anne Wittman,The Mystery of D.B. Cooper
Anne Wittman,Avenue 5
Anne Wittman,Jesus Shows You the Way to the Highway
Anne Wittman,K-12
Anne Wittman,Fantastic Beasts and Where to Find Them
Anne Wittman,Jamie
Anne Wittman,Kingsman: The Secret Service
Anne Wittman,Pigeon
Anne Wittman,The Ghost Writer
Anne Wittman,Medium Rare
Anne Wittman,Proof
Andrew Bridgmont,The King's Man
Andrew Bridgmont,The Larkins
Andrew Bridgmont,Alan
Andrew Bridgmont,Howards End
Andrew Bridgmont,Diagnosis
Andrew Bridgmont,Kingsman: The Secret Service
Andrew Bridgmont,The Theory of Everything
Andrew Bridgmont,1001 Inventions and the Library of Secrets
Andrew Bridgmont,Hustle
Andrew Bridgmont,Waking the Dead
Richard Brake,The Last Stop in Yuma County
Richard Brake,R.I.P.D. 2: Rise of the Damned
Richard Brake,The Munsters: Return to Mockingbird Lane
Richard Brake,The Munsters
Richard Brake,Barbarian
Richard Brake,Vesper
Richard Brake,Offseason
Richard Brake,Bingo Hell
Richard Brake,The Virtuoso
Richard Brake,Tremors: Shrieker Island
Richard Brake,Brave New World
Richard Brake,The Rhythm Section
Richard Brake,The Mandalorian
Richard Brake,To Hell and Back: The Making of 3 From Hell
Richard Brake,3 from Hell
Richard Brake,The Dare
Richard Brake,Hostage Radio
Richard Brake,Perfect Skin
Richard Brake,The Sisters Brothers
Richard Brake,Mandy
Richard Brake,Patrick Melrose
Richard Brake,Creeped Out
Richard Brake,The Death of Stalin
Richard Brake,Absentia
Richard Brake,Bitter Harvest
Richard Brake,31
Richard Brake,Barbarians Rising
Richard Brake,Ana
Richard Brake,Beowulf: Return to the Shieldlands
Richard Brake,The Chameleon
Richard Brake,Spy
Richard Brake,The Cannibal in the Jungle
Richard Brake,Kingsman: The Secret Service
Richard Brake,Thor: The Dark World
Richard Brake,The Counselor
Richard Brake,Peaky Blinders
Richard Brake,Crossing Lines
Richard Brake,Ray Donovan
Richard Brake,The Numbers Station
Richard Brake,The Incident
Richard Brake,Grimm
Richard Brake,Game of Thrones
Richard Brake,Water for Elephants
Richard Brake,Detention
Richard Brake,Legacy
Richard Brake,Hawaii Five-0
Richard Brake,The Deep
Richard Brake,Halloween II
Richard Brake,Perkins' 14
Richard Brake,Outpost
Richard Brake,Hannibal Rising
Richard Brake,The Black Dahlia
Richard Brake,Munich
Richard Brake,Doom
Richard Brake,Supernatural
Richard Brake,Batman Begins
Richard Brake,Soul Searcher
Richard Brake,Cold Mountain
Richard Brake,Subterfuge
Richard Brake,Death Machine
Richard Brake,Jeeves and Wooster
Corey Johnson,A queda do Japão na Segunda Guerra Mundial
Corey Johnson,Lion vs The Little People
Corey Johnson,All the Old Knives
Corey Johnson,Morbius
Corey Johnson,Lair
Corey Johnson,The Girl Who Wore Freedom
Corey Johnson,Strangest Things
Corey Johnson,The New Air Force One: Flying Fortress
Corey Johnson,The Mauritanian
Corey Johnson,Belly of the Beast
Corey Johnson,X-Ray Earth
Corey Johnson,Enemy Lines
Corey Johnson,Radioactive
Corey Johnson,Devs
Corey Johnson,The Coldest Game
Corey Johnson,Tiananmen: The People Versus the Party
Corey Johnson,Churchill and the Movie Mogul
Corey Johnson,A Private War
Corey Johnson,Hunter Killer
Corey Johnson,The Conversation
Corey Johnson,The Titan
Corey Johnson,The Alienist
Corey Johnson,Megan Leavey
Corey Johnson,Jackie
Corey Johnson,Genius
Corey Johnson,Survivor
Corey Johnson,National Theatre Live: Man and Superman
Corey Johnson,Ex Machina
Corey Johnson,Metropolis
Corey Johnson,The Saboteurs
Corey Johnson,Fall Of Japan: In Color
Corey Johnson,Kingsman: The Secret Service
Corey Johnson,The Departure
Corey Johnson,National Theatre Live: A Streetcar Named Desire
Corey Johnson,Blood Moon
Corey Johnson,Super Skyscrapers
Corey Johnson,Captain Phillips
Corey Johnson,How I Live Now
Corey Johnson,Crossing Lines
Corey Johnson,Utopia
Corey Johnson,The Bourne Legacy
Corey Johnson,First Man on the Moon
Corey Johnson,Black Gold
Corey Johnson,X-Men: First Class
Corey Johnson,Japan's Killer Quake
Corey Johnson,Pimp
Corey Johnson,Kick-Ass
Corey Johnson,The Fourth Kind
Corey Johnson,Universal Soldier: Regeneration
Corey Johnson,The Last Days of Lehman Brothers
Corey Johnson,How the Earth Was Made
Corey Johnson,Thick as Thieves
Corey Johnson,The Bourne Ultimatum
Corey Johnson,"Sex, the City and Me"
Corey Johnson,The All Together
Corey Johnson,United 93: The Families and the Film
Corey Johnson,Lost Worlds
Corey Johnson,Egypt's New Tomb Revealed
Corey Johnson,The Contract
Corey Johnson,7 Seconds
Corey Johnson,A Sound of Thunder
Corey Johnson,Doctor Who
Corey Johnson,Hellboy
Corey Johnson,Days That Shook the World
Corey Johnson,Out for a Kill
Corey Johnson,Black Hawk Down
Corey Johnson,Endgame
Corey Johnson,Last Run
Corey Johnson,Do Not Disturb
Corey Johnson,The Mummy
Corey Johnson,Saving Private Ryan
Johanna Taylor,Slow Horses
Johanna Taylor,Poised
Johanna Taylor,Kingsman: The Secret Service
Johanna Taylor,To Love Somebody
Johanna Taylor,JFK: Seven Days That Made a President
Lily Travers,The Sandman
Lily Travers,Misbehaviour
Lily Travers,Doctor Who: Twice Upon a Time
Lily Travers,Still Star-Crossed
Lily Travers,Viceroy's House
Lily Travers,Victoria
Lily Travers,Me Before You
Lily Travers,Golden Years
Lily Travers,Late Shift
Lily Travers,The Incredible Adventures Of Professor Branestawm
Lily Travers,Kingsman: The Secret Service
Lily Travers,Doctor Who
Corey Johnson,Kavanagh Q.C.
Corey Johnson,The Innocent
Corey Johnson,A Dangerous Man: Lawrence After Arabia
Corey Johnson,"Auf Wiedersehen, Pet"
Corey Johnson,NOVA
Corey Johnson,Hunting Bears
Corey Johnson,She's Got a Plan
Tom Prior,Firebird
Tom Prior,Blood on the Crown
Tom Prior,Iceland is Best
Tom Prior,Dusty and Me
Tom Prior,Three Girls
Tom Prior,Kingsman: The Secret Service
Tom Prior,The Theory of Everything
Tom Prior,Alex Was a Friend of Mine
Tom Prior,Firebird
Tom Prior,Firebird
Fiona Hampton,Touching the Void
Fiona Hampton,The Good Neighbour
Fiona Hampton,The Collection
Fiona Hampton,The Windmill Massacre
Fiona Hampton,Legacy
Fiona Hampton,Kingsman: The Secret Service
Fiona Hampton,The Sarah Jane Adventures
Nicholas Agnew,Old Boys
Nicholas Agnew,Journey's End
Nicholas Agnew,The Lost City of Z
Nicholas Agnew,Six Wives with Lucy Worsley
Nicholas Agnew,Victoria
Nicholas Agnew,Agatha Raisin
Nicholas Agnew,The Man Who Knew Infinity
Nicholas Agnew,Bloody Queens: Elizabeth and Mary
Nicholas Agnew,Kingsman: The Secret Service
Rowan Polonski,Good Omens
Rowan Polonski,Doctor Who: The Husbands of River Song
Rowan Polonski,Kingsman: The Secret Service
Rowan Polonski,Doctor Who
Nicholas Banks,The Wedding Veil Journey
Nicholas Banks,Why Didn't They Ask Evans?
Nicholas Banks,Christmas at the Palace
Nicholas Banks,Seat 25
Nicholas Banks,Molly's Game
Nicholas Banks,Kingsman: The Secret Service
Edward Holcroft,The Undeclared War
Edward Holcroft,Hill of Vision
Edward Holcroft,Kindred
Edward Holcroft,The English Game
Edward Holcroft,Gunpowder
Edward Holcroft,Alias Grace
Edward Holcroft,Kingsman: The Golden Circle
Edward Holcroft,The Sense of an Ending
Edward Holcroft,National Theatre Live: Les Liaisons Dangereuses
Edward Holcroft,London Spy
Edward Holcroft,Lady Chatterley's Lover
Edward Holcroft,Wolf Hall
Edward Holcroft,Kingsman: The Secret Service
Edward Holcroft,Vampire Academy
Daniel Chapple,The Death of Stalin
Daniel Chapple,Kingsman: The Secret Service
Daniel Chapple,The Imitation Game
Daniel Chapple,The Double
Daniel Chapple,Rush
Jack Cutmore-Scott,Frasier
Jack Cutmore-Scott,Training Wheels
Jack Cutmore-Scott,Tenet
Jack Cutmore-Scott,Waiting for Godot
Jack Cutmore-Scott,Magnum P.I.
Jack Cutmore-Scott,Deception
Jack Cutmore-Scott,Bad Match
Jack Cutmore-Scott,Dunkirk
Jack Cutmore-Scott,Cooper Barrett's Guide to Surviving Life
Jack Cutmore-Scott,The Go-Between
Jack Cutmore-Scott,Kingsman: The Secret Service
Hanna Alström,Morden i Sandhamn 06 - I fel sällskap
Hanna Alström,Ted: Show Me Love
Hanna Alström,Agatha Christies Hjerson
Hanna Alström,The Machinery
Hanna Alström,The Glass Room
Hanna Alström,Kingsman: The Golden Circle
Hanna Alström,Sami Blood
Hanna Alström,Kingsman: The Secret Service
Hanna Alström,Maria Lang
Hanna Alström,Welcome to Sweden
Hanna Alström,Tillbaka till Bromma
Hanna Alström,Nobody Owns Me
Hanna Alström,Dangerous Dreams
Hanna Alström,Crossing Lines
Hanna Alström,A Place in the Sun
Hanna Alström,Once Upon A Time in Phuket
Hanna Alström,Stockholm - Båstad
Hanna Alström,Blomstertid
Hanna Alström,Blomstertid
Hanna Alström,Dreams
Hanna Alström,Kärlek 3000
Hanna Alström,Min frus förste älskare
Hanna Alström,Cleo
Hanna Alström,Children of the Luna
Hanna Alström,Sherdil
Hanna Alström,Längtans blåa blomma
Hanna Alström,White Lies
Hanna Alström,Skärgårdsdoktorn
Hanna Alström,I nöd och lust...
Hanna Alström,The House of Shadows
Hanna Alström,Bert: The Last Virgin
Hanna Alström,Bert
Hanna Alström,Bert - Berts Röjiga Rockliv
Hanna Alström,Goldi
Hanna Alström,Force Majeure
Ralph Ineson,Boldest of Blood and Wildest of Heart: Making The Green Knight
Ralph Ineson,Misanthrope
Ralph Ineson,Lord of Misrule
Ralph Ineson,Waving
Ralph Ineson,Kill
Ralph Ineson,Onyx the Fortuitous and the Talisman of Souls
Ralph Ineson,Willow
Ralph Ineson,Catherine Called Birdy
Ralph Ineson,The Last Victim
Ralph Ineson,The Northman
Ralph Ineson,The Legend of Vox Machina
Ralph Ineson,Trigger Point
Ralph Ineson,The Tragedy of Macbeth
Ralph Ineson,Everybody's Talking About Jamie
Ralph Ineson,Edge of the World
Ralph Ineson,The Green Knight
Ralph Ineson,Gunpowder Milkshake
Ralph Ineson,Here Are the Young Men
Ralph Ineson,The Watch
Ralph Ineson,Brahms: The Boy II
Ralph Ineson,Death & The Knight
Ralph Ineson,Dolittle
Ralph Ineson,The Capture
Ralph Ineson,The Dark Crystal: Age of Resistance
Ralph Ineson,Chernobyl
Ralph Ineson,Agatha and the Truth of Murder
Ralph Ineson,The Ballad of Buster Scruggs
Ralph Ineson,Ready Player One
Ralph Ineson,The Hurricane Heist
Ralph Ineson,Star Wars: The Last Jedi
Ralph Ineson,Absentia
Ralph Ineson,Soundtrack
Ralph Ineson,Salvage Hunters Best Buys
Ralph Ineson,The Huntsman: Winter's War
Ralph Ineson,The Interceptor
Ralph Ineson,The Witch
Ralph Ineson,Kingsman: The Secret Service
Ralph Ineson,Guardians of the Galaxy
Ralph Ineson,Prey
Ralph Ineson,New Worlds
Ralph Ineson,The Selfish Giant
Ralph Ineson,Ambassadors
Ralph Ineson,Peaky Blinders
Ralph Ineson,Count Arthur Strong
Ralph Ineson,Bluestone 42
Ralph Ineson,Great Expectations
Ralph Ineson,Secret State
Ralph Ineson,Titanic
Ralph Ineson,Pramface
Ralph Ineson,Salvage Hunters
Ralph Ineson,Intruders
Ralph Ineson,Inside Gatwick
Ralph Ineson,Harry Potter and the Deathly Hallows: Part 2
Ralph Ineson,Case Sensitive
Ralph Ineson,Game of Thrones
Ralph Ineson,Another Year
Ralph Ineson,Harry Potter and the Deathly Hallows: Part 1
Ralph Ineson,Robin Hood
Ralph Ineson,Sex & Drugs & Rock & Roll
Ralph Ineson,Harry Potter and the Half-Blood Prince
Ralph Ineson,Is Anybody There?
Ralph Ineson,The Damned United
Ralph Ineson,Merlin
Ralph Ineson,Shoot on Sight
Ralph Ineson,Cass
Ralph Ineson,Lead Balloon
Ralph Ineson,Losing It
Ralph Ineson,The Only Boy for Me
Ralph Ineson,Suburban Shootout
Ralph Ineson,The IT Crowd
Ralph Ineson,The Virgin Queen
Ralph Ineson,Missing
Ralph Ineson,Missing: All Secrets Have a Price
Ralph Ineson,Macbeth
Ralph Ineson,ShakespeaRe-Told
Ralph Ineson,The Walk
Ralph Ineson,A Line in the Sand
Ralph Ineson,Murder in Suburbia
Ralph Ineson,Between The Sheets
Ralph Ineson,Strange
Ralph Ineson,Blue Murder
Ralph Ineson,Thursday the 12th
Ralph Ineson,The Afternoon Play
Ralph Ineson,The Office
Ralph Ineson,In Deep
Ralph Ineson,From Hell
Ralph Ineson,Waking the Dead
Ralph Ineson,Bostock's Cup
Ralph Ineson,Shooting Fish
Ralph Ineson,This Life
Ralph Ineson,First Knight
Ralph Ineson,Out of the Blue
Ralph Ineson,Bugs
Ralph Ineson,Kavanagh Q.C.
Ralph Ineson,Shopping
Ralph Ineson,Syrup
Ralph Ineson,Cardiac Arrest
Ralph Ineson,The Cinder Path
Ralph Ineson,A Pinch of Snuff
Ralph Ineson,O Mary This London
Ralph Ineson,99-1
Ralph Ineson,(All Quiet on the) Preston Front
Ralph Ineson,Harry
Ralph Ineson,Heartbeat
Ralph Ineson,Casualty
Carlos Peres,Kingsman: The Golden Circle
Carlos Peres,Kingsman: The Secret Service
Carlos Peres,X-Men: First Class
Carlos Peres,Tetris
Carlos Peres,Argylle
Carlos Peres,Silent Night
Bjørn Floberg,More Than Ever
Bjørn Floberg,Ammo
Bjørn Floberg,The Burning Sea
Bjørn Floberg,Margrete: Queen of the North
Bjørn Floberg,Clue: The Maltese mystery
Bjørn Floberg,Out Stealing Horses
Bjørn Floberg,Kingsman: The Secret Service
Bjørn Floberg,Chasing Berlusconi
Bjørn Floberg,90 Minutes
Bjørn Floberg,Varg Veum - Cold Hearts
Bjørn Floberg,Varg Veum - The Dead Have It Easy
Bjørn Floberg,Varg Veum - At Night All Wolves Are Grey
Bjørn Floberg,Varg Veum - The Consorts of Death
Bjørn Floberg,Varg Veum - Black Sheep
Bjørn Floberg,Varg Veum - The Writing on the Wall
Bjørn Floberg,A Somewhat Gentle Man
Bjørn Floberg,Varg Veum - Buried Dogs
Jude Poyer,The Art of Action
Jude Poyer,Final Score
Jude Poyer,Transformers: The Last Knight
Jude Poyer,Sand Castle
Jude Poyer,Grimsby
Jude Poyer,Kingsman: The Secret Service
Jude Poyer,Strippers vs. Werewolves
Jude Poyer,28 Weeks Later
Jude Poyer,Heat Team
Jude Poyer,Star Runner
Jude Poyer,The Medallion
Jude Poyer,Heromakers
Jude Poyer,Naked Weapon
Jude Poyer,Vampire Controller
Jude Poyer,Hong Kong Superstars
Jude Poyer,Bio-Cops
Jude Poyer,Gen-Y Cops
Jude Poyer,The Untold Story III
Jude Poyer,A Man Called Hero
Jude Poyer,The Blacksheep Affair
Jude Poyer,And Now You're Dead
Jude Poyer,Knock Off
Jude Poyer,Contract Killer
Jude Poyer,Eastern Heroes: The Video Magazine - Volume 1
Jude Poyer,Farang
Jude Poyer,The Score
Jude Poyer,Nuclear
Jude Poyer,Naptha
Jude Poyer,Dead Birds
Jude Poyer,Teen Spirit
Jude Poyer,Namaste England
Jude Poyer,Ray & Liz
Jude Poyer,Apostle
Jude Poyer,Viking Destiny
Jude Poyer,The Titan
Jude Poyer,Pin Cushion
Jude Poyer,Transformers: The Last Knight
Bjørn Floberg,Varg Veum - Woman in the Fridge
Bjørn Floberg,Varg Veum - Fallen Angels
Bjørn Floberg,Varg Veum - Yours 'till Death
Bjørn Floberg,Cold Lunch
Bjørn Floberg,Varg Veum - Sleeping Beauty
Bjørn Floberg,O'Horten
Bjørn Floberg,Der Kommissar und das Meer
Bjørn Floberg,Varg Veum - Bitter Flowers
Bjørn Floberg,Varg Veum
Bjørn Floberg,Uro
Bjørn Floberg,Kjøter
Bjørn Floberg,The Eagle: A Crime Odyssey
Bjørn Floberg,Uno
Bjørn Floberg,The Return of the Dancing Master
Bjørn Floberg,Immediate Boarding
Bjørn Floberg,Dark Woods
Bjørn Floberg,Kitchen Stories
Bjørn Floberg,Music for Weddings and Funerals
Bjørn Floberg,I Am Dina
Bjørn Floberg,Beyond
Bjørn Floberg,The Diver
Bjørn Floberg,The Honour of the House
Bjørn Floberg,Misery Harbour
Bjørn Floberg,Sophie's World
Bjørn Floberg,Tørst - Framtidens forbrytelser
Bjørn Floberg,Frosset hjerte
Bjørn Floberg,Bloody Angels
Bjørn Floberg,The Last Contract
Bjørn Floberg,Eye of the Eagle
Bjørn Floberg,Insomnia
Bjørn Floberg,The Last Viking
Bjørn Floberg,Silent Witness
Bjørn Floberg,Hører du ikke hva jeg sier!
Bjørn Floberg,Cross My Heart and Hope to Die
Bjørn Floberg,The Telegraphist
Bjørn Floberg,The Last Lieutenant
Bjørn Floberg,Herman
Bjørn Floberg,Brun bitter
Bjørn Floberg,Blücher
Bjørn Floberg,An Eye for an Eye
Bjørn Floberg,Paper Bird
Bjørn Floberg,Blood of the Railroad Workers
Jude Poyer,Dobaara: See Your Evil
Jude Poyer,Don't Hang Up
Jude Poyer,Trial
Jude Poyer,Spaceship
Jude Poyer,Rise of the Footsoldier: Part II
Jude Poyer,We Still Kill the Old Way
Jude Poyer,Monsters: Dark Continent
Jude Poyer,The Guvnors
Jude Poyer,Airborne
Jude Poyer,Farang
Jude Poyer,Apostle
Bjørn Floberg,The Crown Prince
Bjørn Floberg,Blindpassasjer
Bjørn Floberg,Kosmetikkrevolusjonen
Bjørn Floberg,The Silent Majority
Bjørn Floberg,Oss
Chester King,Kingsman: The Golden Circle
Chester King,Kingsman: The Secret Service
Nick English,Kingsman: The Secret Service
Jayne Secker,SAS: Red Notice
Jayne Secker,Kingsman: The Secret Service
Jayne Secker,The Tunnel
Jayne Secker,Alan Partridge: Alpha Papa
Jayne Secker,Living in Hope
Lukwesa Burak,Kingsman: The Secret Service
Bimbo Hart,Kingsman: The Golden Circle
Bimbo Hart,Kingsman: The Secret Service
Bimbo Hart,Stardust
Alastair MacIntosh,Kingsman: The Golden Circle
Alastair MacIntosh,Kingsman: The Secret Service
Alastair MacIntosh,Stardust
Sarah Hewson,Gangs of London
Sarah Hewson,Kingsman: The Secret Service
Lazara Storm,Kingsman: The Secret Service
Andrei Lenart,Telenovela: Patriot TV
Andrei Lenart,Our Man from Jersey
Andrei Lenart,Têlenovela
Andrei Lenart,The Lake
Andrei Lenart,Breakthrough
Andrei Lenart,Rustlands
Andrei Lenart,Wild Bill
Andrei Lenart,The Hidden Truth
Andrei Lenart,Fear
Andrei Lenart,"Yes, Dear"
Andrei Lenart,Star Wars: The Force Awakens
Andrei Lenart,Kingsman: The Secret Service
James Clayton,Kingsman: The Golden Circle
James Clayton,The Swan Princess: Royally Undercover
James Clayton,Kingsman: The Secret Service
Simon Green,Kingsman: The Secret Service
Simon Green,In Love with Alma Cogan
Simon Green,The Phantom of the Opera at the Royal Albert Hall
Simon Green,The Pink Panther 2
Simon Green,Bedrooms and Hallways
Simon Green,Achilles
Simon Green,Salad Days
Simon Green,The Good Companions
Paul Kennington,Kingsman: The Secret Service
Paul Kennington,The Game
Paul Kennington,The World's End
Paul Kennington,The Son
Paul Kennington,Then Barbara Met Alan
Paul Kennington,The Girl Before
Paul Kennington,Tom & Jerry
Paul Kennington,Us
Paul Kennington,The Personal History of David Copperfield
Paul Kennington,A Discovery of Witches
Paul Kennington,Patrick
Paul Kennington,Funny Cow
Paul Kennington,Killing Eve
Paul Kennington,The Boy with the Topknot
Paul Kennington,Goodbye Christopher Robin
Paul Kennington,The Foreigner
Paul Kennington,The Sense of an Ending
Paul Kennington,Swallows and Amazons
Paul Kennington,The Durrells
Paul Kennington,Man Up
Paul Kennington,Black Sea
Paul Kennington,Quirke
Paul Kennington,RED 2
Paul Kennington,Dancing on the Edge
Paul Kennington,Titanic: Blood and Steel
Paul Kennington,Sherlock Holmes: A Game of Shadows
Paul Kennington,The Fades
Paul Kennington,Age of Heroes
Paul Kennington,Game of Thrones
Paul Kennington,Merlin
Paul Kennington,Elizabeth: The Golden Age
Paul Kennington,28 Weeks Later
Paul Kennington,The Royal
Paul Kennington,Heartbeat
Tobi Bakare,Kingsman: The Golden Circle
Tobi Bakare,Kingsman: The Secret Service
Tobi Bakare,The Tunnel
Tobi Bakare,The Somnambulists
Tobi Bakare,Death in Paradise
Jordan Long,Star Wars: Andor
Jordan Long,The Sandman
Jordan Long,Persuasion
Jordan Long,The Nevers
Jordan Long,The Reckoning
Jordan Long,The Gentlemen
Jordan Long,Lynn + Lucy
Jordan Long,Good Omens
Jordan Long,Strike
Jordan Long,Holmes & Watson
Jordan Long,The Catcher Was a Spy
Jordan Long,Access All Areas
Jordan Long,Eat Locals
Jordan Long,Prime Suspect 1973
Jordan Long,Mindhorn
Jordan Long,Fleabag
Jordan Long,The Aliens
Jordan Long,Unforgotten
Jordan Long,Kingsman: The Secret Service Revealed
Jordan Long,Kingsman: The Secret Service
Jordan Long,I Am Soldier
Jordan Long,The Wrong Mans
Jordan Long,By Any Means
Jordan Long,Svengali
Jordan Long,Tower Block
Jordan Long,A Touch of Cloth
Jordan Long,Parade's End
Jordan Long,Made in Romania
Jordan Long,Shifty
Jordan Long,Svengali
Jordan Long,Good Arrows
Jordan Long,Learners
Jordan Long,Stardust
Jordan Long,Pu-239
Jordan Long,One Man and His Dog
Jordan Long,Peep Show
Jordan Long,Coupling
Jordan Long,Jonathan Creek
Theo Barklem-Biggs,Slow Burn
Theo Barklem-Biggs,SAS: Rogue Heroes
Theo Barklem-Biggs,SAS Rogue Heroes
Theo Barklem-Biggs,They Heard Him Shout Allahu Akbar
Theo Barklem-Biggs,The Forgotten Battle
Theo Barklem-Biggs,The Power
Theo Barklem-Biggs,Femme
Theo Barklem-Biggs,Cherry
Theo Barklem-Biggs,Smokers Delight
Theo Barklem-Biggs,Make Up
Theo Barklem-Biggs,The First Team
Theo Barklem-Biggs,Sliced
Theo Barklem-Biggs,Alien: Containment
Theo Barklem-Biggs,Hunter Killer
Theo Barklem-Biggs,Bloodyminded
Theo Barklem-Biggs,Farming
Theo Barklem-Biggs,The Festival
Theo Barklem-Biggs,Journey's End
Theo Barklem-Biggs,The Entertainer
Theo Barklem-Biggs,Pound for Pound
Theo Barklem-Biggs,White Gold
Theo Barklem-Biggs,National Theatre Live: Les Liaisons Dangereuses
Theo Barklem-Biggs,Cradle to Grave
Theo Barklem-Biggs,The Interceptor
Theo Barklem-Biggs,samuel-613
Theo Barklem-Biggs,Ballot Monkeys
Theo Barklem-Biggs,Tatau
Theo Barklem-Biggs,Drunk History
Theo Barklem-Biggs,Crims
Theo Barklem-Biggs,Kingsman: The Secret Service
Theo Barklem-Biggs,Our World War
Theo Barklem-Biggs,Borrowed Time
Theo Barklem-Biggs,Blackout
Theo Barklem-Biggs,Count Arthur Strong
Theo Barklem-Biggs,Hammer of the Gods
Theo Barklem-Biggs,Hives
Theo Barklem-Biggs,A Touch of Cloth
Theo Barklem-Biggs,Keith Lemon: The Film
Theo Barklem-Biggs,The Man Inside
Theo Barklem-Biggs,What If
Theo Barklem-Biggs,Death in Paradise
Theo Barklem-Biggs,The Fades
Theo Barklem-Biggs,7lives
Theo Barklem-Biggs,The Inbetweeners Movie
Theo Barklem-Biggs,Silk
Theo Barklem-Biggs,Some Dogs Bite
Theo Barklem-Biggs,Micro Men
Theo Barklem-Biggs,Missing
Theo Barklem-Biggs,Moses Jones
Theo Barklem-Biggs,How Not to Live Your Life
Theo Barklem-Biggs,The Inbetweeners
Morgan Watkins,Doctor Jekyll
Morgan Watkins,A Violent Man
Morgan Watkins,Small City
Morgan Watkins,I'm Not in Love
Morgan Watkins,Agatha and the Midnight Murders
Morgan Watkins,Year of the Rabbit
Morgan Watkins,The Krays: Mad Axeman
Morgan Watkins,A Very English Scandal
Morgan Watkins,Profile
Morgan Watkins,The 1st
Morgan Watkins,The Pity of War: The Loves and Lives of the War Poets
Morgan Watkins,The Limehouse Golem
Morgan Watkins,Chicken
Morgan Watkins,The Odyssey
Morgan Watkins,Suffragette
Morgan Watkins,Scottish Mussel
Morgan Watkins,A Little Chaos
Morgan Watkins,Kingsman: The Secret Service
Morgan Watkins,Jurassic
Morgan Watkins,The Hooligan Factory
Morgan Watkins,Flinch
Morgan Watkins,The Mill
Morgan Watkins,Shadow Dancer
Morgan Watkins,Wild Bill
Morgan Watkins,Peep Show
Morgan Watkins,God's Own Children
Adrian Quinton,The Last Party
Adrian Quinton,Kingsman: The Secret Service
Adrian Quinton,Beyond the Pale
Geoff Bell,Poison Arrows
Geoff Bell,Kindling
Geoff Bell,The Curse
Geoff Bell,The Great
Geoff Bell,The Rhythm Section
Geoff Bell,His Dark Materials
Geoff Bell,Hatton Garden
Geoff Bell,Once Upon a Time in London
Geoff Bell,The End of the F***ing World
Geoff Bell,Absentia
Geoff Bell,The Man with the Iron Heart
Geoff Bell,King Arthur: Legend of the Sword
Geoff Bell,Rogue One: A Star Wars Story
Geoff Bell,Mine
Geoff Bell,The Level
Geoff Bell,Suffragette
Geoff Bell,North v South
Geoff Bell,Kingsman: The Secret Service Revealed
Geoff Bell,Kingsman: The Secret Service
Geoff Bell,The Great Fire
Geoff Bell,Keeping Up with the Joneses
Geoff Bell,Dementamania
Geoff Bell,Ripper Street
Geoff Bell,Comedown
Geoff Bell,The Hollow Crown
Geoff Bell,Storage 24
Geoff Bell,Boys On Film 8: Cruel Britannia
Geoff Bell,Comes a Bright Day
Geoff Bell,Treasure Island
Geoff Bell,War Horse
Geoff Bell,Top Boy
Geoff Bell,Big Fat Gypsy Gangster
Geoff Bell,Mercenaries
Geoff Bell,Route Irish
Geoff Bell,Brighton Rock
Geoff Bell,Wild Target
Geoff Bell,Five Daughters
Geoff Bell,The Heavy
Geoff Bell,Man and Boy
Geoff Bell,The Reeds
Geoff Bell,Solomon Kane
Geoff Bell,Tormented
Geoff Bell,Night Train
Geoff Bell,RocknRolla
Geoff Bell,Daylight Robbery
Geoff Bell,Freebird
Geoff Bell,Love Me Still
Geoff Bell,The Seeker: The Dark Is Rising
Geoff Bell,Stardust
Geoff Bell,Scoop
Geoff Bell,Saxondale
Geoff Bell,Green Street Hooligans
Geoff Bell,The Business
Geoff Bell,Making Waves
Geoff Bell,The Long Firm
Geoff Bell,Girl with a Pearl Earring
Geoff Bell,I'll Sleep When I'm Dead
Geoff Bell,Oh Marbella!
Geoff Bell,AKA
Geoff Bell,Mean Machine
Geoff Bell,Mike Bassett: England Manager
Geoff Bell,I Bring You Frankincense
Geoff Bell,The Bill
Alex Nikolov,Kingsman: The Secret Service
Jack Davenport,Bonus Track
Jack Davenport,Ten Percent
Jack Davenport,The Morning Show
Jack Davenport,Why Women Kill
Jack Davenport,Next of Kin
Jack Davenport,The Stolen
Jack Davenport,The Wilde Wedding
Jack Davenport,The Tank
Jack Davenport,A United Kingdom
Jack Davenport,Americana
Jack Davenport,Guernica
Jack Davenport,Life In Squares
Jack Davenport,Kingsman: The Secret Service Revealed
Jack Davenport,Kingsman: The Secret Service
Jack Davenport,Breathless
Jack Davenport,Haven't We Met Before?
Jack Davenport,Time Collectors
Jack Davenport,Smash
Jack Davenport,Mother's Milk
Jack Davenport,The Key Man
Jack Davenport,FlashForward
Jack Davenport,Edward VIII: The Nazi King
Jack Davenport,The Boat That Rocked
Jack Davenport,Swingtown
Jack Davenport,Pirates of the Caribbean: At World's End
Jack Davenport,The 50 Greatest Television Dramas
Jack Davenport,This Life +10
Jack Davenport,Pirates of the Caribbean: Dead Man's Chest
Jack Davenport,The Incredible Journey of Mary Bryant
Jack Davenport,The Wedding Date
Jack Davenport,Agatha Christie's Marple
Jack Davenport,The Libertine
Jack Davenport,An Epic At Sea: The Making of Pirates of the Caribbean: The Curse of the Black Pearl
Jack Davenport,The Welsh Great Escape
Jack Davenport,Pirates of the Caribbean: The Curse of the Black Pearl
Jack Davenport,Eroica
Jack Davenport,The Real Jane Austen
Jack Davenport,Gypsy Woman
Jack Davenport,Richard & Judy
Jack Davenport,The Bunker
Jack Davenport,Look
Jack Davenport,"Not Afraid, Not Afraid"
Jack Davenport,The Wyvern Mystery
Jack Davenport,Offending Angels
Jack Davenport,Coupling
Jack Davenport,The Talented Mr. Ripley
Jack Davenport,Slaves in Paradise
Jack Davenport,Ramsay's Boiling Point
Jack Davenport,The Wisdom of Crocodiles
Jack Davenport,Ultraviolet
Jack Davenport,Tale of the Mummy
Jack Davenport,Macbeth
Jack Davenport,Catherine Cookson's The Moth
Jack Davenport,Fierce Creatures
Jack Davenport,The Moth
Jack Davenport,This Life
Jonno Davies,Notes
Jonno Davies,Better Man
Jonno Davies,Hunters
Jonno Davies,King of Crime
Jonno Davies,Shakespeare & Hathaway - Private Investigators
Jonno Davies,In the Name of Ben-Hur
Jonno Davies,Kingsman: The Secret Service
Jonno Davies,Holby City
Sophie Cookson,Emperor
Sophie Cookson,Stockholm Bloodbath
Sophie Cookson,The Confessions of Frannie Langton
Sophie Cookson,Infinite
Sophie Cookson,Greed
Sophie Cookson,The Trial of Christine Keeler
Sophie Cookson,Ashes in the Snow
Sophie Cookson,Red Joan
Sophie Cookson,Kingsman: The Golden Circle
Sophie Cookson,Gypsy
Sophie Cookson,The Crucifixion
Sophie Cookson,The Huntsman: Winter's War
Sophie Cookson,Kingsman: The Secret Service Revealed
Sophie Cookson,Kingsman: The Secret Service
Sophie Cookson,Moonfleet
Mark Hamill,The Fall of the House of Usher
Sofia Boutella,Alpha Gang
Sofia Boutella,Last Sentinel
Sofia Boutella,Rebel Moon
Sofia Boutella,SAS: Rogue Heroes
Sofia Boutella,SAS Rogue Heroes
Sofia Boutella,Guillermo del Toro's Cabinet of Curiosities
Sofia Boutella,Prisoners of the Ghostland
Sofia Boutella,Settlers
Sofia Boutella,Modern Love
Sofia Boutella,"Love, Antosha"
Sofia Boutella,Madonna: World of Madame X
Sofia Boutella,Madonna: God Control
Sofia Boutella,Climax
Sofia Boutella,Hotel Artemis
Sofia Boutella,Fahrenheit 451
Sofia Boutella,Atomic Blonde
Sofia Boutella,The Mummy
Sofia Boutella,Tiger Raid
Sofia Boutella,Star Trek Beyond
Sofia Boutella,Jet Trash
Sofia Boutella,Kingsman: The Secret Service Revealed
Sofia Boutella,Kingsman: The Secret Service
Sofia Boutella,Monsters: Dark Continent
Sofia Boutella,StreetDance 2
Sofia Boutella,Madonna: Sticky & Sweet Tour
Sofia Boutella,Madonna: The Confessions Tour
Sofia Boutella,Azur & Asmar: The Princes' Quest
Sofia Boutella,Permis d'aimer
Sofia Boutella,Dance Challenge
Mark Hamill,The Machine
Mark Hamill,Obi-Wan Kenobi: A Jedi's Return
Mark Hamill,The Sandman
Mark Hamill,The Book of Boba Fett
Mark Hamill,Revelations: The Masters of the Universe: Revelation Aftershow
Mark Hamill,Masters of the Universe: Revelation
Mark Hamill,Invincible
Mark Hamill,Clerk
Mark Hamill,Will You Wear A Mask?  I Ask.
Mark Hamill,Joker: Put on a Happy Face
Mark Hamill,Adventure Thru the Walt Disney Archives
Mark Hamill,Russo Bros. Pizza Film School
Mark Hamill,Disney Gallery / Star Wars: The Mandalorian
Mark Hamill,Eugenius!
Mark Hamill,The Skywalker Legacy
Mark Hamill,Celebrating Marvel's Stan Lee
Mark Hamill,Star Wars: The Rise of Skywalker
Mark Hamill,Go Fish
Mark Hamill,The Mandalorian
Mark Hamill,Creepshow
Mark Hamill,The Last Kids on Earth
Mark Hamill,Knight Immortal
Mark Hamill,The Dark Crystal: Age of Resistance
Mark Hamill,Scooby-Doo and Guess Who?
Mark Hamill,Child's Play
Mark Hamill,What We Do in the Shadows
Mark Hamill,Lucky
Mark Hamill,Weird City
Mark Hamill,Howard Lovecraft and the Kingdom of Madness
Mark Hamill,Kulipari: Dream Walker
Mark Hamill,Heart of Batman
Mark Hamill,The Legend of Hallowaiian
Mark Hamill,The Adventures of Rocky and Bullwinkle
Mark Hamill,Transformers: Power of the Primes
Mark Hamill,Transformers: Power of the Primes
Mark Hamill,The Director and the Jedi
Mark Hamill,Balance Of The Force
Mark Hamill,The Force of Sound
Mark Hamill,Con Man
Mark Hamill,Star Wars: The Last Jedi
Mark Hamill,Knightfall
Mark Hamill,The Wonderful World of Disney: Magical Holiday Celebration
Mark Hamill,Transformers: Titans Return
Michael Caine,Laughs and Larrikins
Mark Hamill,Transformers: Titans Return
Mark Hamill,Howard Lovecraft & the Undersea Kingdom
Mark Hamill,Brigsby Bear
Mark Hamill,Star Wars: Forces of Destiny
Mark Hamill,Mystery Science Theater 3000
Mark Hamill,Dimension 404
Mark Hamill,Heroes Manufactured
Mark Hamill,Bunyan and Babe
Mark Hamill,Justice League Action
Mark Hamill,Mark Hamill's Pop Culture Quest
Mark Hamill,Batman: The Killing Joke
Mark Hamill,De Palma
Mark Hamill,Secrets of the Force Awakens: A Cinematic Journey
Mark Hamill,Star Wars: The Force Awakens
Mark Hamill,Star Wars: Evolution of the Lightsaber Duel
Mark Hamill,"Be Cool, Scooby-Doo!"
Mark Hamill,New Looney Tunes
Mark Hamill,Regular Show: The Movie
Mark Hamill,LEGO DC Comics Super Heroes: Justice League - Attack of the Legion of Doom!
Mark Hamill,Dragons: Race to the Edge
Mark Hamill,Kingsman: The Secret Service Revealed
Mark Hamill,Scooby-Doo! Moon Monster Madness
Mark Hamill,Miles from Tomorrowland
Mark Hamill,Elf: Buddy's Musical Christmas
Mark Hamill,Kingsman: The Secret Service
Mark Hamill,Penn Zero: Part-Time Hero
Mark Hamill,The Flash
Mark Hamill,I Know That Voice
Mark Hamill,Metalocalypse: The Doomstar Requiem
Mark Hamill,Man Down
Mark Hamill,A Fuller Life
Mark Hamill,Virtually Heroes
Mark Hamill,Exchange Student Zero
Mark Hamill,Sushi Girl
Mark Hamill,Quantum Quest: A Cassini Space Odyssey
Mark Hamill,Teenage Mutant Ninja Turtles
Mark Hamill,DreamWorks Dragons
Mark Hamill,Gravity Falls
Mark Hamill,Marvel's Ultimate Spider-Man
Mark Hamill,Airborne
Mark Hamill,Back To The Sea
Mark Hamill,Scooby Doo and The Zombies
Michael Caine,Knights of Classic Drama at the BBC
Michael Caine,"Dirty, Sexy & Totally Iconic"
Michael Caine,The Great Escaper
Michael Caine,MCAINE. An Anagram of Cinema
Michael Caine,The Sound of 007
Michael Caine,Medieval
Michael Caine,Best Sellers
Michael Caine,Twist
Michael Caine,Come Away
Michael Caine,Tenet
Michael Caine,AGFA MYSTERY MIXTAPE #3: SEQUELITIS
Michael Caine,Four Kids and It
Michael Caine,An Accidental Studio
Michael Caine,The Man Who Got Carter
Michael Caine,Quincy
Michael Caine,King of Thieves
Michael Caine,Dear Dictator
Michael Caine,Sherlock Gnomes
Michael Caine,And the Winner Isn't
Michael Caine,My Generation
Michael Caine,Dunkirk
Michael Caine,Going in Style
Michael Caine,Now You See Me 2
Michael Caine,Our Queen at Ninety
Michael Caine,The Last Witch Hunter
Michael Caine,The Late Show with Stephen Colbert
Michael Caine,Close Up with The Hollywood Reporter
Michael Caine,Kingsman: The Secret Service Revealed
Michael Caine,Youth
Michael Caine,Inside Interstellar
Michael Caine,Kingsman: The Secret Service
Michael Caine,Interstellar
Michael Caine,Interstellar: Nolan's Odyssey
Michael Caine,Stonehearst Asylum
Michael Caine,Sir David Frost: That Was the Life That Was
Michael Caine,The Fire Rises: The Creation and Impact of The Dark Knight Trilogy
Michael Caine,Mr. Morgan's Last Love
Michael Caine,Now You See Me
Michael Caine,Ending the Knight
Michael Caine,The Dark Knight Rises
Michael Caine,Journey 2: The Mysterious Island
Michael Caine,Discovering Hamlet
Michael Caine,The Many Faces of... Michael Caine
Michael Caine,Cars 2
Michael Caine,Gnomeo & Juliet
Michael Caine,Inception
Mark Hamill,The Problem Solverz
Mark Hamill,Dan Vs.
Mark Hamill,Star Wars Spoofs
Mark Hamill,LEGO Hero Factory: Rise of the Rookies
Mark Hamill,The Avengers: Earth's Mightiest Heroes
Mark Hamill,Zevo-3
Mark Hamill,LEGO Hero Factory
Mark Hamill,Scooby-Doo! Camp Scare
Mark Hamill,Regular Show
Mark Hamill,Scooby-Doo! Mystery Incorporated
Mark Hamill,Generator Rex
Mark Hamill,Adventure Time
Mark Hamill,Dante's Inferno: An Animated Epic
Mark Hamill,Afro Samurai: Resurrection
Mark Hamill,The Super Hero Squad Show
Mark Hamill,Tigger & Pooh and a Musical Too
Mark Hamill,Random! Cartoons
Mark Hamill,Batman: The Brave and the Bold
Mark Hamill,Star Wars: The Clone Wars
Mark Hamill,"Batman and Me: A Devotion to Destiny, the Bob Kane Story"
Mark Hamill,Codename Kids Next Door: Operation I.N.T.E.R.V.I.E.W.S.
Mark Hamill,Futurama: Bender's Big Score
Mark Hamill,The Big Bang Theory
Mark Hamill,Chuck
Mark Hamill,Battle for Terra
Mark Hamill,Robot Chicken: Star Wars
Mark Hamill,Rick & Steve: The Happiest Gay Couple in All the World
Mark Hamill,The Graham Norton Show
Mark Hamill,Criaturas de La guerra de las galaxias
Mark Hamill,Robotech: The Shadow Chronicles
Mark Hamill,Tom and Jerry: Shiver Me Whiskers
Mark Hamill,Codename: Kids Next Door - Operation Z.E.R.O.
Mark Hamill,Ultimate Avengers 2: Rise of the Panther
Mark Hamill,Metalocalypse
Mark Hamill,Choose Your Own Adventure - The Abominable Snowman
Mark Hamill,Queer Duck: The Movie
Mark Hamill,"Look, Up in the Sky! The Amazing Story of Superman"
Mark Hamill,"What's New, Scooby-Doo? Vol. 7: Ghosts on the Go!"
Mark Hamill,"What's New, Scooby-Doo? Vol. 7: Ready to Scare"
Mark Hamill,Best Ever Muppet Moments
Mark Hamill,Legends of the Dark Knight: The History of Batman
Mark Hamill,Criminal Minds
Mark Hamill,Loonatics Unleashed
Mark Hamill,Batman: New Times
Mark Hamill,Thru the Moebius Strip
Mark Hamill,"Watch the Skies!: Science Fiction, the 1950s and Us"
Mark Hamill,The Big Red One: The Reconstruction
Mark Hamill,The Real Glory: Reconstructing 'The Big Red One'
Mark Hamill,Star Wars: Deleted Magic
Mark Hamill,Avatar: The Last Airbender
Mark Hamill,Robot Chicken
Mark Hamill,American Dad!
Mark Hamill,"Oh, What a Lovely Tea Party"
Mark Hamill,Cartoon Network Christmas: Yuletide Follies
Mark Hamill,The Characters of Star Wars
Mark Hamill,Super Robot Monkey Team Hyperforce Go!
Mark Hamill,When Star Wars Ruled the World
Mark Hamill,Empire of Dreams: The Story of the Star Wars Trilogy
Michael Caine,Pinter's Progress
Michael Caine,Harry Brown
Michael Caine,Live from Studio Five
Michael Caine,Heath Ledger: A Tribute
Michael Caine,Is Anybody There?
Michael Caine,Valentino: The Last Emperor
Michael Caine,The Dark Knight
Michael Caine,Sleuth
Michael Caine,Flawless
Michael Caine,The Graham Norton Show
Michael Caine,Legends
Michael Caine,The Prestige: Now That's Magic
Michael Caine,The Foreign Eye
Michael Caine,Arte 1 Documenta
Michael Caine,The Prestige
Michael Caine,Children of Men
Michael Caine,The One Show
Michael Caine,The Weather Man
Michael Caine,Bewitched
Michael Caine,Batman Begins
Michael Caine,The Late Late Show with Craig Ferguson
Michael Caine,Around the Bend
Michael Caine,The Statement
Michael Caine,The Making Of 'The Italian Job'
Michael Caine,Secondhand Lions
Michael Caine,The Actors
Michael Caine,Quicksand
Michael Caine,The Quiet American
Michael Caine,Austin Powers in Goldmember
Michael Caine,Last Orders
Michael Caine,Miss Congeniality
Michael Caine,Quills
Michael Caine,Get Carter
Michael Caine,Shiner
Michael Caine,The Cider House Rules
Michael Caine,The Debtors
Michael Caine,Curtain Call
Michael Caine,Little Voice
Michael Caine,Shadow Run
Michael Caine,The View
Michael Caine,"20,000 Leagues Under the Sea"
Michael Caine,Mandela and de Klerk
Mark Hamill,The Batman
Mark Hamill,The Story of Star Wars
Mark Hamill,Justice League Unlimited
Mark Hamill,Danny Phantom
Mark Hamill,Comic Book: The Movie
Mark Hamill,Wolf Tracer's Dinosaur Island
Mark Hamill,The Wrong Coast
Mark Hamill,Cold Pizza
Mark Hamill,Scooby-Doo! Meets the Harlem Globetrotters
Mark Hamill,Evil Con Carne
Mark Hamill,VH1 Goes Inside
Mark Hamill,Burl's
Mark Hamill,Reeseville
Mark Hamill,Stuart Little: The Animated Series
Mark Hamill,Aero-Troopers: The Nemeclous Crusade
Mark Hamill,A Scooby-Doo! Christmas
Mark Hamill,Codename: Kids Next Door
Mark Hamill,Rapsittie Street Kids: Believe in Santa
Mark Hamill,Birds of Prey
Mark Hamill,"What's New, Scooby-Doo?"
Mark Hamill,Baxter and Bananas in Monkey See Monkey Don't
Mark Hamill,The Men Who Made the Movies: Samuel Fuller
Mark Hamill,Balto II: Wolf Quest
Mark Hamill,Teamo Supremo
Mark Hamill,Justice League
Mark Hamill,Totally Spies!
Mark Hamill,Night of the Living Doo
Mark Hamill,The Grim Adventures of Billy and Mandy
Mark Hamill,Jay and Silent Bob Strike Back
Mark Hamill,Samurai Jack
Mark Hamill,Ferret and Parrot
Mark Hamill,Time Squad
Mark Hamill,"Thank You, Good Night"
Mark Hamill,"Harvey Birdman, Attorney at Law"
Mark Hamill,Batman Beyond: Return of the Joker
Mark Hamill,Joseph: King of Dreams
Mark Hamill,Gen 13
Mark Hamill,Scooby-Doo and the Alien Invaders
Mark Hamill,Buzz Lightyear of Star Command
Mark Hamill,Static Shock
Mark Hamill,Hollywood Off Ramp
Mark Hamill,Sinbad: Beyond the Veil of Mists
Mark Hamill,Son of the Beach
Mark Hamill,The Night of the Headless Horseman
Mark Hamill,The Unauthorized 'Star Wars' Story
Mark Hamill,Rocket Power
Mark Hamill,Wing Commander
Mark Hamill,Family Guy
Mark Hamill,Batman Beyond
Michael Caine,Elle s'appelait Françoise
Michael Caine,Blood and Wine
Michael Caine,The Daily Show with Trevor Noah
Michael Caine,Midnight in Saint Petersburg
Michael Caine,Bullet to Beijing
Michael Caine,The First 100 Years: A Celebration of American Movies
Michael Caine,Charlie Sheen's Stunts Spectacular
Michael Caine,Inside the Actors Studio
Michael Caine,On Deadly Ground
Michael Caine,Michael Caine: Breaking the Mold
Michael Caine,World War II: When Lions Roared
Michael Caine,Late Night with Conan O'Brien
Michael Caine,Sean Connery: Private
Michael Caine,The Muppet Christmas Carol
Michael Caine,Blue Ice
Michael Caine,The Tonight Show with Jay Leno
Michael Caine,Noises Off...
Michael Caine,Preminger: Anatomy of a Filmmaker
Michael Caine,Bullseye!
Michael Caine,Mr. Destiny
Michael Caine,Night Of 100 Stars III
Michael Caine,A Shock to the System
Michael Caine,Jekyll & Hyde
Michael Caine,"John Huston: The Man, the Movies, the Maverick"
Michael Caine,Dirty Rotten Scoundrels
Michael Caine,Jack the Ripper
Michael Caine,LIVE with Kelly and Ryan
Michael Caine,Without a Clue
Michael Caine,Surrender
Michael Caine,Acting
Michael Caine,Jaws: The Revenge
Michael Caine,The Making of Jaws The Revenge
Michael Caine,The Fourth Protocol
Michael Caine,Hero
Michael Caine,The Whistle Blower
Michael Caine,Half Moon Street
Michael Caine,Mona Lisa
Michael Caine,Sweet Liberty
Michael Caine,Hannah and Her Sisters
Michael Caine,The Holcroft Covenant
Michael Caine,Night of 100 Stars II
Michael Caine,The Golden Gong: The Story of Rank Films - British Cinema's Legendary Studio
Michael Caine,Water
Michael Caine,Terror in the Aisles
Michael Caine,The Jigsaw Man
Michael Caine,Blame It on Rio
Michael Caine,The Honorary Consul
Michael Caine,Educating Rita
Michael Caine,Monty Python's The Meaning of Life
Michael Caine,Deathtrap
Michael Caine,Escape to Victory
Michael Caine,The Hand
Michael Caine,Dressed to Kill
Michael Caine,The Island
Mark Hamill,Walking Across Egypt
Mark Hamill,V.I.P.
Mark Hamill,Scooby-Doo on Zombie Island
Mark Hamill,Oh Yeah! Cartoons
Mark Hamill,Watchers Reborn
Mark Hamill,Hamilton
Mark Hamill,The Batman Superman Movie: World's Finest
Mark Hamill,EP Daily
Mark Hamill,Cow and Chicken
Mark Hamill,The New Batman Adventures
Mark Hamill,Pepper Ann
Mark Hamill,Hollywood: Aliens & Monsters
Mark Hamill,Johnny Bravo
Mark Hamill,Just Shoot Me!
Mark Hamill,Star Wars: The Magic & the Mystery
Mark Hamill,Laserhawk
Mark Hamill,When Time Expires
Mark Hamill,Hey Arnold!
Mark Hamill,Bruno the Kid
Mark Hamill,Wing Commander Academy
Mark Hamill,The Incredible Hulk
Mark Hamill,Superman: The Animated Series
Mark Hamill,Adventures from the Book of Virtues
Mark Hamill,The Real Adventures of Jonny Quest
Mark Hamill,Space Cases
Mark Hamill,The Spooktacular New Adventures of Casper
Mark Hamill,3rd Rock from the Sun
Mark Hamill,Mina and the Count
Mark Hamill,Mina and the Count: Interlude with a Vampire
Mark Hamill,The Savage Dragon
Mark Hamill,MADtv
Mark Hamill,Pinky and the Brain
Mark Hamill,Freakazoid!
Mark Hamill,Village of the Damned
Mark Hamill,The Outer Limits
Mark Hamill,Phantom 2040: The Ghost Who Walks
Mark Hamill,Spider-Man
Mark Hamill,The Raffle
Mark Hamill,Fantastic Four
Mark Hamill,Phantom 2040
Mark Hamill,Silk Degrees
Mark Hamill,Red Planet
Mark Hamill,The Magic Flute
Mark Hamill,Space Ghost Coast to Coast
Mark Hamill,Wing Commander III: Heart of the Tiger
Mark Hamill,Batman: Mask of the Phantasm
Mark Hamill,The Flintstones : Hollyrock a Bye Baby
Michael Caine,Beyond the Poseidon Adventure
Michael Caine,Ashanti
Michael Caine,California Suite
Michael Caine,The Swarm
Michael Caine,Inside 'the Swarm'
Michael Caine,A Bridge Too Far
Michael Caine,Silver Bears
Michael Caine,The Eagle Has Landed
Michael Caine,Harry and Walter Go to New York
Michael Caine,The Man Who Would Be King
Michael Caine,Peeper
Michael Caine,Rickles
Michael Caine,The Romantic Englishwoman
Michael Caine,The Wilby Conspiracy
Michael Caine,Der große Preis
Michael Caine,The Marseille Contract
Michael Caine,The Black Windmill
Michael Caine,Sleuth
Michael Caine,Pulp
Michael Caine,Kidnapped
Michael Caine,Zee and Co.
Michael Caine,V.I.P. Schaukel
Michael Caine,Get Carter
Michael Caine,The Last Valley
Michael Caine,Simon Simon
Michael Caine,Too Late the Hero
Michael Caine,Battle of Britain
Michael Caine,The Italian Job
Michael Caine,Male of the Species
Michael Caine,Play Dirty
Michael Caine,The Magus
Michael Caine,Deadfall
Michael Caine,The Dick Cavett Show
Michael Caine,Billion Dollar Brain
Michael Caine,Woman Times Seven
Michael Caine,Tonite Let's All Make Love in London
Michael Caine,Rowan & Martin's Laugh-In
Michael Caine,Hurry Sundown
Michael Caine,Funeral in Berlin
Michael Caine,Gambit
Michael Caine,The Wrong Box
Michael Caine,Alfie
Michael Caine,The Ipcress File
Michael Caine,Hamlet at Elsinore
Michael Caine,Zulu
Michael Caine,The Merv Griffin Show
Mark Hamill,Bonkers
Mark Hamill,Biker Mice from Mars
Mark Hamill,seaQuest DSV
Mark Hamill,SWAT Kats: The Radical Squadron
Mark Hamill,2 Stupid Dogs
Mark Hamill,Body Bags
Mark Hamill,Commander Toad in Space
Mark Hamill,Picture Perfect
Mark Hamill,Time Runner
Mark Hamill,Batman: The Animated Series
Mark Hamill,Batman: The Animated Series - The Legend Begins
Mark Hamill,Sleepwalkers
Mark Hamill,The Flash II: Revenge of the Trickster
Mark Hamill,The Legend of Prince Valiant
Mark Hamill,Black Magic Woman
Mark Hamill,The Guyver
Mark Hamill,Earth Angel
Mark Hamill,The Flash
Mark Hamill,Midnight Ride
Mark Hamill,The Simpsons
Mark Hamill,Slipstream
Mark Hamill,Fall of the Eagles
Mark Hamill,The New Alfred Hitchcock Presents
Mark Hamill,Amazing Stories
Mark Hamill,Night of 100 Stars II
Mark Hamill,Sam Fuller & the Big Red One
Mark Hamill,From 'Star Wars' to 'Jedi' : The Making of a Saga
Mark Hamill,Return of the Jedi
Mark Hamill,Nature
Mark Hamill,Britannia Hospital
Mark Hamill,Return of the Ewok
Mark Hamill,The Night the Lights Went Out in Georgia
Mark Hamill,The Making of The Empire Strikes Back
Mark Hamill,SPFX: The Empire Strikes Back
Mark Hamill,The Empire Strikes Back
Mark Hamill,The Big Red One
Mark Hamill,The Star Wars Holiday Special
Mark Hamill,The Story of the Faithful Wookiee
Mark Hamill,Corvette Summer
Mark Hamill,The Bob Hope All Star Christmas Comedy Special
Mark Hamill,Fred Flintstone and Friends
Mark Hamill,The Making of Star Wars
Mark Hamill,ABC Weekend Special
Mark Hamill,Star Wars
Mark Hamill,Eight Is Enough
Mark Hamill,Wizards
Mark Hamill,The City
Mark Hamill,The Muppet Show
Mark Hamill,Mallory: Circumstantial Evidence
Mark Hamill,One Day at a Time
Mark Hamill,Eric
Mark Hamill,Bronk
Mark Hamill,Delancey Street: The Crisis Within
Mark Hamill,Sarah T. - Portrait of a Teenage Alcoholic
Mark Hamill,The Manhunter
Mark Hamill,Lucas Tanner
Mark Hamill,Petrocelli
Michael Caine,Solo for Sparrow
Michael Caine,The Day the Earth Caught Fire
Michael Caine,Walk a Crooked Mile
Michael Caine,The Bulldog Breed
Michael Caine,Deadline Midnight
Michael Caine,Foxhole in Cairo
Michael Caine,Edgar Wallace Mysteries
Michael Caine,Danger Within
Michael Caine,Passport to Shame
Michael Caine,The Two-Headed Spy
Michael Caine,The Adventures of William Tell
Michael Caine,Blind Spot
Michael Caine,The Key
Michael Caine,Carve Her Name with Pride
Michael Caine,How to Murder a Rich Uncle
Michael Caine,Blood Money
Michael Caine,A Hill in Korea
Michael Caine,The Adventures of Sir Lancelot
Michael Caine,Sailor Beware
Michael Caine,Armchair Theatre
Michael Caine,Tony Awards
Michael Caine,Navy Log
Michael Caine,Mark Saber
Michael Caine,The Oscars
Michael Caine,What's My Line?
Michael Caine,My Generation
Michael Caine,The Double
Michael Caine,Blue Ice
Michael Caine,The Fourth Protocol
Michael Caine,Pulp
Michael Caine,Get Carter
Mark Hamill,The Magician
Mark Hamill,Jeannie
Mark Hamill,The Streets of San Francisco
Mark Hamill,The New Scooby-Doo Movies
Mark Hamill,Cannon
Mark Hamill,Night Gallery
Mark Hamill,The Partridge Family
Mark Hamill,The Headmaster
Mark Hamill,Medical Center
Mark Hamill,The Bill Cosby Show
Mark Hamill,Room 222
Mark Hamill,The F.B.I.
Mark Hamill,Insight
Mark Hamill,The Oscars
Mark Hamill,Hallmark Hall of Fame
Mark Hamill,Mark Hamill's Pop Culture Quest
Mark Hamill,Watchers Reborn
Mark Hamill,LEGO Star Wars: Revenge of The Brick
Mark Hamill,Comic Book: The Movie
Samuel L. Jackson,Secret Invasion
Samuel L. Jackson,Argylle
Samuel L. Jackson,The Kill Room
Samuel L. Jackson,The Piano Lesson
Samuel L. Jackson,Go the F**k to Sleep
Samuel L. Jackson,Inversion
Samuel L. Jackson,The Blob
Samuel L. Jackson,Garfield
Samuel L. Jackson,The Marvels
Samuel L. Jackson,Cenetrox
Samuel L. Jackson,Is That Black Enough for You?!?
Samuel L. Jackson,Paws of Fury: The Legend of Hank
Samuel L. Jackson,Spider-Man: All Roads Lead to No Way Home
Samuel L. Jackson,The Last Days of Ptolemy Grey
Samuel L. Jackson,JANET JACKSON.
Samuel L. Jackson,The Fix
Samuel L. Jackson,An Audience with Adele
Samuel L. Jackson,2021 Rock & Roll Hall of Fame Induction Ceremony
Samuel L. Jackson,Marvel Studios' 2021 Disney+ Day Special
Samuel L. Jackson,The Protégé
Samuel L. Jackson,What If...?
Samuel L. Jackson,Hitman's Wife's Bodyguard
Samuel L. Jackson,Spiral: From the Book of Saw
Samuel L. Jackson,Amend: The Fight for America
Samuel L. Jackson,Death to 2020
Samuel L. Jackson,A West Wing Special to Benefit When We All Vote
Samuel L. Jackson,Enslaved
Samuel L. Jackson,Enslaved with Samuel L Jackson
Samuel L. Jackson,Staged
Samuel L. Jackson,One World: Together at Home
Samuel L. Jackson,Some Good News
Samuel L. Jackson,The Banker
Samuel L. Jackson,The Last Full Measure
Samuel L. Jackson,Star Wars: The Rise of Skywalker
Samuel L. Jackson,The Movies That Made Us
Samuel L. Jackson,QT8: The First Eight
Samuel L. Jackson,Tamron Hall
Samuel L. Jackson,Spider-Man: Far from Home
Samuel L. Jackson,Shaft
Samuel L. Jackson,Avengers: Endgame
Samuel L. Jackson,Captain Marvel
Samuel L. Jackson,Glass
Samuel L. Jackson,Quincy
Samuel L. Jackson,Life Itself
Samuel L. Jackson,Incredibles 2
Samuel L. Jackson,Avengers: Infinity War
Samuel L. Jackson,Unicorn Store
Samuel L. Jackson,The Hitman's Bodyguard
Samuel L. Jackson,Carpool Karaoke: The Series
Samuel L. Jackson,Creating a King: Summoning a God
Samuel L. Jackson,The Words That Built America
Samuel L. Jackson,"John Travolta, le miraculé d'Hollywood"
Samuel L. Jackson,Kong: Skull Island
Samuel L. Jackson,Smokey Robinson: The Library of Congress Gershwin Prize for Popular Song
Samuel L. Jackson,I Am Not Your Negro
Samuel L. Jackson,xXx: Return of Xander Cage
Samuel L. Jackson,Eating You Alive
Samuel L. Jackson,BET Presents Love & Happiness: An Obama Celebration
Samuel L. Jackson,Miss Peregrine's Home for Peculiar Children
Samuel L. Jackson,Cell
Samuel L. Jackson,The Legend of Tarzan
Samuel L. Jackson,The Hateful Eight
Samuel L. Jackson,Star Wars: Evolution of the Lightsaber Duel
Samuel L. Jackson,Chi-Raq
Samuel L. Jackson,The Late Show with Stephen Colbert
Samuel L. Jackson,Close Up with The Hollywood Reporter
Samuel L. Jackson,Kingsman: The Secret Service Revealed
Samuel L. Jackson,Barely Lethal
Samuel L. Jackson,Avengers: Age of Ultron
Samuel L. Jackson,Kingsman: The Secret Service
Samuel L. Jackson,The Boomer List
Samuel L. Jackson,Big Game
Samuel L. Jackson,Life's Essentials with Ruby Dee
Samuel L. Jackson,Kite
Samuel L. Jackson,Captain America: The Winter Soldier
Samuel L. Jackson,Marvel Studios: Assembling a Universe
Samuel L. Jackson,The Tonight Show Starring Jimmy Fallon
Samuel L. Jackson,RoboCop
Samuel L. Jackson,Reasonable Doubt
Samuel L. Jackson,Face of Unity
Samuel L. Jackson,Oldboy
Samuel L. Jackson,Marvel's Agents of S.H.I.E.L.D.
Samuel L. Jackson,Everything Is Samuel L. Jackson's Fault
Samuel L. Jackson,Turbo
Samuel L. Jackson,Circus Halligalli
Samuel L. Jackson,Django Unchained
Samuel L. Jackson,Quantum Quest: A Cassini Space Odyssey
Samuel L. Jackson,Quentin Tarantino: 20 Years of Filmmaking
Samuel L. Jackson,Eddie Murphy: One Night Only
Samuel L. Jackson,The Avengers: A Visual Journey
Samuel L. Jackson,Building the Dream: Assembling the Avengers
Samuel L. Jackson,Zambezia
Samuel L. Jackson,The Avengers
Samuel L. Jackson,Finding Your Roots
Samuel L. Jackson,The Samaritan
Samuel L. Jackson,I Ain't Scared of You: A Tribute to Bernie Mac
Samuel L. Jackson,Meeting Evil
Samuel L. Jackson,Young Jeezy: A Hustlerz Ambition
Samuel L. Jackson,Arena
Samuel L. Jackson,Prohibition
Samuel L. Jackson,The Jonathan Ross Show
Samuel L. Jackson,Captain America: The First Avenger
Samuel L. Jackson,Dynamo: Magician Impossible
Samuel L. Jackson,Thor
Samuel L. Jackson,African Cats
Samuel L. Jackson,Kill Bill: The Whole Bloody Affair
Samuel L. Jackson,The Sunset Limited
Samuel L. Jackson,On the Shoulders of Giants
Samuel L. Jackson,Return to Jurassic Park
Samuel L. Jackson,Industrial Light & Magic: Creating the Impossible
Samuel L. Jackson,The Other Guys
Samuel L. Jackson,With Great Power: The Stan Lee Story
Samuel L. Jackson,Unthinkable
Samuel L. Jackson,Iron Man 2
Samuel L. Jackson,In the Land of the Free...
Samuel L. Jackson,Mother and Child
Samuel L. Jackson,Afro Samurai: Resurrection
Samuel L. Jackson,Astro Boy
Samuel L. Jackson,Inglourious Basterds
Samuel L. Jackson,Alan Carr: Chatty Man
Samuel L. Jackson,The Face Is Familiar
Samuel L. Jackson,Uneven Fairways
Samuel L. Jackson,We Are One With President-Elect Barack Obama
Samuel L. Jackson,The Spirit
Samuel L. Jackson,Soul Men
Samuel L. Jackson,Star Wars: The Clone Wars
Samuel L. Jackson,Lakeview Terrace
Samuel L. Jackson,Star Wars: The Clone Wars
Samuel L. Jackson,Iron Man
Samuel L. Jackson,The War
Samuel L. Jackson,Jumper
Samuel L. Jackson,Gospel Hill
Samuel L. Jackson,Crítico
Samuel L. Jackson,Cleaner
Samuel L. Jackson,Respect Yourself: The Stax Records Story
Samuel L. Jackson,Farce of the Penguins
Samuel L. Jackson,1408
Samuel L. Jackson,Resurrecting the Champ
Samuel L. Jackson,The Graham Norton Show
Samuel L. Jackson,Afro Samurai
Samuel L. Jackson,Black Snake Moan
Samuel L. Jackson,Home of the Brave
Samuel L. Jackson,Snakes on a Plane
Samuel L. Jackson,The Henry Rollins Show
Samuel L. Jackson,Freedomland
Samuel L. Jackson,Honor Deferred
Samuel L. Jackson,The N Word
Samuel L. Jackson,Iconoclasts
Samuel L. Jackson,The Boondocks
Samuel L. Jackson,The Colbert Report
Samuel L. Jackson,The Man
Samuel L. Jackson,My Date with Drew
Samuel L. Jackson,Extras
Samuel L. Jackson,Coach Carter The Man Behind the Movie
Samuel L. Jackson,Star Wars: Episode III - Revenge of the Sith
Samuel L. Jackson,xXx: State of the Union
Samuel L. Jackson,Mr. Incredible and Pals
Samuel L. Jackson,The Harlem Globetrotters: The Team That Changed the World
Samuel L. Jackson,George Lucas: Creating an Empire
Samuel L. Jackson,Coach Carter
Samuel L. Jackson,The Late Late Show with Craig Ferguson
Samuel L. Jackson,The Incredibles
Samuel L. Jackson,Unforgivable Blackness: The Rise and Fall of Jack Johnson
Samuel L. Jackson,In My Country
Samuel L. Jackson,John Travolta: The Inside Story
Samuel L. Jackson,Kill Bill: Vol. 2
Samuel L. Jackson,Twisted
Samuel L. Jackson,America Beyond the Color Line
Samuel L. Jackson,The Ellen DeGeneres Show
Samuel L. Jackson,S.W.A.T.
Samuel L. Jackson,Basic
Samuel L. Jackson,Real Time with Bill Maher
Samuel L. Jackson,Unchained Memories: Readings from the Slave Narratives
Samuel L. Jackson,Jimmy Kimmel Live!
Samuel L. Jackson,Jackie Brown: How It Went Down
Samuel L. Jackson,BaadAsssss Cinema
Samuel L. Jackson,xXx
Samuel L. Jackson,No Good Deed
Samuel L. Jackson,The Art of Action: Martial Arts in the Movies
Samuel L. Jackson,Star Wars: Episode II - Attack of the Clones
Samuel L. Jackson,Changing Lanes
Samuel L. Jackson,Middle School Confessions
Samuel L. Jackson,The 51st State
Samuel L. Jackson,R2-D2: Beneath the Dome
Samuel L. Jackson,Comic Books & Superheroes
Samuel L. Jackson,The Making of 'Unbreakable'
Samuel L. Jackson,The Caveman's Valentine
Samuel L. Jackson,Unbreakable
Samuel L. Jackson,Making of Pulp Fiction
Taron Egerton,Kingsman: The Blue Blood
Taron Egerton,Carry-On
Taron Egerton,Little Shop of Horrors
Taron Egerton,Tetris
Taron Egerton,Firebug
Taron Egerton,Black Bird
Taron Egerton,For Gunter’s Eyes Only
Taron Egerton,Sing 2
Taron Egerton,Come Home
Taron Egerton,Glimpse
Taron Egerton,Letters Live from the Archive: Union Chapel
Taron Egerton,The Dark Crystal: Age of Resistance
Taron Egerton,The Crystal Calls - Making The Dark Crystal: Age of Resistance
Taron Egerton,Rocketman
Taron Egerton,Moominvalley
Taron Egerton,Watership Down
Taron Egerton,Robin Hood
Taron Egerton,Billionaire Boys Club
Taron Egerton,Kingsman: The Golden Circle
Taron Egerton,Carpool Karaoke: The Series
Taron Egerton,Love at First Sight
Taron Egerton,Sing
Taron Egerton,Eddie the Eagle
Taron Egerton,Legend
Taron Egerton,Kingsman: The Secret Service Revealed
Taron Egerton,Kingsman: The Secret Service
Taron Egerton,Testament of Youth
Taron Egerton,Late Night with Seth Meyers
Taron Egerton,The Smoke
Taron Egerton,The Graham Norton Show
Taron Egerton,Lewis
Taron Egerton,Project Runway
Taron Egerton,Jimmy Kimmel Live!
Taron Egerton,Tetris
Taron Egerton,Firebug
Samuel L. Jackson,Shaft
Samuel L. Jackson,Rules of Engagement
Samuel L. Jackson,Any Given Wednesday
Samuel L. Jackson,Shaft: Still the Man
Samuel L. Jackson,The Early Show
Samuel L. Jackson,The Unauthorized 'Star Wars' Story
Samuel L. Jackson,Deep Blue Sea
Samuel L. Jackson,From Star Wars to Star Wars: The Story of Industrial Light & Magic
Samuel L. Jackson,Star Wars: Episode I - The Phantom Menace
Samuel L. Jackson,"Our Friend, Martin"
Samuel L. Jackson,Forever Hollywood
Samuel L. Jackson,TRL
Samuel L. Jackson,The Red Violin
Samuel L. Jackson,The Negotiator
Samuel L. Jackson,Out of Sight
Samuel L. Jackson,AFI's 100 Years... 100 Movies
Samuel L. Jackson,Off the Menu: The Last Days of Chasen's
Samuel L. Jackson,Sphere
Samuel L. Jackson,Eve's Bayou
Samuel L. Jackson,The View
Samuel L. Jackson,One Eight Seven
Samuel L. Jackson,Jackie Brown
Samuel L. Jackson,Hard Eight
Samuel L. Jackson,The Long Kiss Goodnight
Samuel L. Jackson,A Time to Kill
Samuel L. Jackson,The Daily Show with Trevor Noah
Samuel L. Jackson,Shaquille O'Neal: Larger than Life
Samuel L. Jackson,Trees Lounge
Samuel L. Jackson,The Great White Hype
Samuel L. Jackson,The Journey of the African-American Athlete
Samuel L. Jackson,The Frank Skinner Show
Samuel L. Jackson,Fluke
Samuel L. Jackson,Die Hard: With a Vengeance
Samuel L. Jackson,Kiss of Death
Samuel L. Jackson,Losing Isaiah
Samuel L. Jackson,Happily Ever After: Fairy Tales for Every Child
Samuel L. Jackson,The Search for One-eye Jimmy
Samuel L. Jackson,The New Age
Samuel L. Jackson,Pulp Fiction
Samuel L. Jackson,Fresh
Samuel L. Jackson,Inside the Actors Studio
Samuel L. Jackson,Hail Caesar
Samuel L. Jackson,Against the Wall
Samuel L. Jackson,Assault at West Point: The Court-Martial of Johnson Whittaker
Samuel L. Jackson,Late Night with Conan O'Brien
Taron Egerton,Black Bird
Samuel L. Jackson,True Romance
Samuel L. Jackson,Jurassic Park
Samuel L. Jackson,Menace II Society
Samuel L. Jackson,Amos & Andrew
Samuel L. Jackson,National Lampoon's Loaded Weapon 1
Samuel L. Jackson,WWE Raw
Samuel L. Jackson,Ghostwriter
Samuel L. Jackson,HBO First Look
Samuel L. Jackson,Patriot Games
Samuel L. Jackson,The Tonight Show with Jay Leno
Samuel L. Jackson,White Sands
Samuel L. Jackson,Juice
Samuel L. Jackson,Fathers & Sons
Samuel L. Jackson,Dead and Alive: The Race for Gus Farace
Samuel L. Jackson,Strictly Business
Samuel L. Jackson,Jumpin' at the Boneyard
Samuel L. Jackson,Johnny Suede
Samuel L. Jackson,Jungle Fever
Samuel L. Jackson,The Return of Superfly
Samuel L. Jackson,Law & Order
Samuel L. Jackson,GoodFellas
Samuel L. Jackson,The Exorcist III
Samuel L. Jackson,Mo' Better Blues
Samuel L. Jackson,Betsy's Wedding
Samuel L. Jackson,Common Ground
Samuel L. Jackson,A Shock to the System
Samuel L. Jackson,Def by Temptation
Samuel L. Jackson,Spike Lee & Company: Do It a Cappella
Samuel L. Jackson,Making 'Do the Right Thing'
Samuel L. Jackson,Sea of Love
Samuel L. Jackson,Do the Right Thing
Samuel L. Jackson,Dead Man Out
Samuel L. Jackson,LIVE with Kelly and Ryan
Samuel L. Jackson,Coming to America
Samuel L. Jackson,School Daze
Samuel L. Jackson,Eddie Murphy Raw
Samuel L. Jackson,Uncle Tom's Cabin
Samuel L. Jackson,Magic Sticks
Samuel L. Jackson,The Days and Nights of Molly Dodd
Samuel L. Jackson,Spenser: For Hire
Samuel L. Jackson,Ragtime
Colin Firth,Curtain Call
Colin Firth,Kingsman: The Blue Blood
Colin Firth,New York Will Eat You Alive
Colin Firth,Ruth Rendell: Master of the Moor
Colin Firth,Empire of Light
Colin Firth,The Staircase
Colin Firth,Operation Mincemeat
Colin Firth,Mothering Sunday
Colin Firth,Chiusi Fuori
Colin Firth,Being Bridget Jones
Colin Firth,Supernova
Colin Firth,The Secret Garden
Colin Firth,Greed
Colin Firth,1917
Colin Firth,Mary Poppins Returns
Colin Firth,Kursk
Colin Firth,Mamma Mia! Here We Go Again
Colin Firth,The Happy Prince
Colin Firth,The Mercy
Colin Firth,Kingsman: The Golden Circle
Colin Firth,Red Nose Day Actually
Samuel L. Jackson,The Exterminator
Samuel L. Jackson,The Trial of the Moke
Samuel L. Jackson,The Displaced Person
Samuel L. Jackson,Saturday Night Live
Samuel L. Jackson,Together for Days
Samuel L. Jackson,Great Performances
Samuel L. Jackson,The Oscars
Samuel L. Jackson,Today
Samuel L. Jackson,Bambi Awards
Samuel L. Jackson,The Last Days of Ptolemy Grey
Samuel L. Jackson,Enslaved with Samuel L Jackson
Samuel L. Jackson,The Banker
Samuel L. Jackson,The Samaritan
Samuel L. Jackson,Afro Samurai: Resurrection
Samuel L. Jackson,Cleaner
Samuel L. Jackson,The 51st State
Samuel L. Jackson,The Caveman's Valentine
Samuel L. Jackson,Eve's Bayou
Samuel L. Jackson,Cordell And Coneil
Colin Firth,Bridget Jones's Baby
Colin Firth,Genius
Colin Firth,Kingsman: The Secret Service Revealed
Colin Firth,Kingsman: The Secret Service
Colin Firth,Before I Go to Sleep
Colin Firth,Magic in the Moonlight
Colin Firth,The Tonight Show Starring Jimmy Fallon
Colin Firth,The Railway Man
Colin Firth,Devil's Knot
Colin Firth,Stars In Shorts
Colin Firth,Arthur Newman
Colin Firth,Gambit
Colin Firth,Tinker Tailor Soldier Spy
Colin Firth,King George VI: The Man Behind the King's Speech
Colin Firth,OK! TV
Colin Firth,The King's Speech
Colin Firth,Main Street
Colin Firth,Steve
Colin Firth,Harold Pinter:  A Celebration
Colin Firth,St Trinian's 2: The Legend of Fritton's Gold
Colin Firth,A Christmas Carol
Colin Firth,A Single Man
Colin Firth,The Jay Leno Show
Colin Firth,Live from Studio Five
Colin Firth,Dorian Gray
Colin Firth,Birthing Mamma Mia!
Colin Firth,Easy Virtue
Colin Firth,Mamma Mia!
Colin Firth,This Is My Africa
Colin Firth,The Accidental Husband
Colin Firth,Genova
Colin Firth,St. Trinian's
Colin Firth,When Did You Last See Your Father?
Colin Firth,Then She Found Me
Colin Firth,The Last Legion
Colin Firth,Celebration
Colin Firth,Born Equal
Colin Firth,Nanny McPhee
Colin Firth,Where the Truth Lies
Colin Firth,Bridget Jones: The Edge of Reason
Colin Firth,Trauma
Colin Firth,Girl with a Pearl Earring
Colin Firth,The Ellen DeGeneres Show
Colin Firth,Love Actually
Colin Firth,Hope Springs
Colin Firth,What a Girl Wants
Colin Firth,Forever Ealing
Colin Firth,The Importance of Being Earnest
Colin Firth,Baldrick's Video Diary
Colin Firth,Four Play
Colin Firth,Conspiracy
Colin Firth,Bridget Jones's Diary
Colin Firth,Donovan Quick
Colin Firth,Relative Values
Colin Firth,The Turn of the Screw
Colin Firth,The Secret Laughter of Women
Colin Firth,The Early Show
Colin Firth,My Life So Far
Colin Firth,Blackadder: Back & Forth
Colin Firth,Shakespeare in Love
Colin Firth,A Thousand Acres
Colin Firth,The View
Colin Firth,Fever Pitch
Colin Firth,Nostromo
Colin Firth,The English Patient
Colin Firth,The Daily Show with Trevor Noah
Colin Firth,Pride and Prejudice: From Page to Screen
Colin Firth,The Widowing of Mrs. Holroyd
Colin Firth,Pride and Prejudice
Colin Firth,Circle of Friends
Colin Firth,The Deep Blue Sea
Colin Firth,Playmaker
Colin Firth,The Hour of The Pig
Colin Firth,GMTV
Colin Firth,Hostages
Colin Firth,Mad at the Moon
Colin Firth,The Tonight Show with Jay Leno
Colin Firth,Out of the Blue
Colin Firth,Femme Fatale
Colin Firth,Performance
Colin Firth,Wings of Fame
Colin Firth,Valmont
Colin Firth,Apartment Zero
Colin Firth,This Morning
Colin Firth,LIVE with Kelly and Ryan
Colin Firth,Tumbledown
Colin Firth,The Secret Garden
Colin Firth,The Ruth Rendell Mysteries
Colin Firth,A Month in the Country
Colin Firth,Lost Empires
Colin Firth,Nineteen Nineteen
Colin Firth,Dutch Girls
Colin Firth,Camille
Colin Firth,Another Country
Colin Firth,Blackadder
Colin Firth,Wanna Bet?
Colin Firth,Saturday Night Live
Colin Firth,Hallmark Hall of Fame
Colin Firth,Squaring the Circle (The Story of Hipgnosis)
Colin Firth,The Happy Prince
Colin Firth,Loving
Colin Firth,Eye in the Sky
Colin Firth,In Prison My Whole Life
Charles Filmer,Kingsman: The Secret Service
Velibor Topic,Phea
Velibor Topic,Outside the Wire
Velibor Topic,Medical Police
Velibor Topic,The Flying Circus
Velibor Topic,The Witness
Velibor Topic,Dead in a Week (Or Your Money Back)
Velibor Topic,Mission: Impossible - Fallout
Velibor Topic,Dead Fish
Velibor Topic,Our Kind of Traitor
Velibor Topic,Convenience
Velibor Topic,Never Let Go
Velibor Topic,Kingsman: The Secret Service
Velibor Topic,The Game
Velibor Topic,The Smoke
Velibor Topic,Mea Culpa
Velibor Topic,The Counselor
Velibor Topic,Ambassadors
Velibor Topic,Crossing Lines
Velibor Topic,Outpost: Rise of the Spetsnaz
Velibor Topic,Da Vinci's Demons
Velibor Topic,St George's Day
Velibor Topic,Children of Sarajevo
Velibor Topic,Cars 2
Velibor Topic,Vera
Velibor Topic,London Boulevard
Velibor Topic,Thorne
Velibor Topic,Robin Hood
Velibor Topic,Sharpe's Peril
Velibor Topic,The Englishman
Velibor Topic,The Living and the Dead
Velibor Topic,The All Together
Velibor Topic,Breaking and Entering
Velibor Topic,Second in Command
Velibor Topic,Kingdom of Heaven
Velibor Topic,Hustle
Velibor Topic,Prime Suspect 6
Velibor Topic,Rose and Maloney
Velibor Topic,The Red Siren
Velibor Topic,Bodywork
Velibor Topic,Snatch
Velibor Topic,The Railway Children
Velibor Topic,Police 2020
Velibor Topic,The Saint
Velibor Topic,Prime Suspect
Mark Strong,Dune: The Sisterhood
Mark Strong,The End We Start From
Mark Strong,Dead Shot
Mark Strong,The Critic
Mark Strong,Everest
Mark Strong,The Sea Change
Mark Strong,The Silent Hour
Mark Strong,Can I Help?
Mark Strong,Shadow Force
Mark Strong,Murder Mystery 2
Mark Strong,Nocebo
Mark Strong,TÁR
Mark Strong,Charlotte
Mark Strong,Attack of the Hollywood Clichés!
Mark Strong,Cruella
Mark Strong,1917
Mark Strong,Temple
Mark Strong,The Dark Crystal: Age of Resistance
Mark Strong,The Day We Walked On The Moon
Mark Strong,Stockholm
Mark Strong,Shazam!
Mark Strong,Jaguar: Going Electric
Mark Strong,The Catcher Was a Spy
Mark Strong,Untamed Romania
Mark Strong,Deep State
Mark Strong,Deep State
Mark Strong,Kingsman: The Golden Circle
Mark Strong,6 Days
Mark Strong,Miss Sloane
Mark Strong,The Siege of Jadotville
Mark Strong,Approaching the Unknown
Mark Strong,Grimsby
Mark Strong,The Day Hitler Died
Mark Strong,Unity
Mark Strong,The 7/7 Bombing: Survivors Stories
Mark Strong,Kingsman: The Secret Service Revealed
Mark Strong,National Theatre Live: A View from the Bridge
Mark Strong,Arsenal Invincibles
Mark Strong,Kingsman: The Secret Service
Mark Strong,The Imitation Game
Mark Strong,Before I Go to Sleep
Mark Strong,Nosferatu in Love
Mark Strong,Closer to the Moon
Mark Strong,The Great Martian War 1913–1917
Mark Strong,Anna
Mark Strong,Saving Egypt's Oldest Pyramid
Mark Strong,Low Winter Sun
Mark Strong,Justin and the Knights of Valour
Mark Strong,Welcome to the Punch
Mark Strong,Zero Dark Thirty
Mark Strong,Heroes and Demons
Mark Strong,Blood
Mark Strong,Playhouse Presents
Mark Strong,John Carter
Mark Strong,Black Gold
Mark Strong,Tinker Tailor Soldier Spy
Mark Strong,Japan Tsunami: how it happened
Mark Strong,The Guard
Mark Strong,Green Lantern
Mark Strong,OK! TV
Mark Strong,The Eagle
Mark Strong,The Way Back
Mark Strong,Robin Hood
Mark Strong,The Mystery of the Nevada Triangle
Mark Strong,Sherlock Holmes: Reinvented
Mark Strong,Kick-Ass
Mark Strong,Sherlock Holmes
Mark Strong,The Odds
Mark Strong,The Young Victoria
Mark Strong,Toffs & Crims
Mark Strong,Endgame
Mark Strong,Good
Mark Strong,Body of Lies
Mark Strong,RocknRolla
Mark Strong,Babylon A.D.
Mark Strong,Flashbacks of a Fool
Mark Strong,Miss Pettigrew Lives for a Day
Mark Strong,Stardust
Mark Strong,Sunshine
Mark Strong,The 50 Greatest Television Dramas
Mark Strong,Scenes of a Sexual Nature
Mark Strong,Low Winter Sun
Mark Strong,Tristan & Isolde
Mark Strong,Syriana
Mark Strong,Walk Away and I Stumble
Mark Strong,Oliver Twist
Mark Strong,Revolver
Mark Strong,The Long Firm
Mark Strong,This World
Mark Strong,Prime Suspect 6
Mark Strong,Henry VIII
Mark Strong,Heartlands
Mark Strong,Some Place Safe
Mark Strong,It's All About Love
Mark Strong,Falling Apart
Mark Strong,Fields of Gold
Mark Strong,The Jury
Mark Strong,Friday Night with Jonathan Ross
Mark Strong,Superstition
Mark Strong,The Martins
Mark Strong,To End All Wars
Mark Strong,Hotel
Mark Strong,Trust
Mark Strong,Anna Karenina
Mark Strong,Sunshine
Mark Strong,Elephant Juice
Mark Strong,Births Marriages and Deaths
Mark Strong,Births Marriages and Deaths
Mark Strong,Twice Upon a Yesterday
Mark Strong,Spoonface Steinberg
Mark Strong,Fever Pitch
Mark Strong,Emma
Mark Strong,Sharpe's Mission
Mark Strong,Our Friends in the North
Mark Strong,Band of Gold
Mark Strong,Kavanagh Q.C.
Mark Strong,Captives
Mark Strong,Century
Mark Strong,Prime Suspect 3
Mark Strong,The Buddha of Suburbia
Mark Strong,Sharpe
Mark Strong,Between the Lines
Mark Strong,Prime Suspect
Mark Strong,This Morning
Mark Strong,After Henry
Mark Strong,Inspector Morse
Mark Strong,EastEnders
Mark Strong,The Bill
Mark Strong,The End We Start From
Samantha Womack,Gareth Thomas: HIV and Me
Samantha Womack,Kingsman: The Golden Circle
Samantha Womack,John Bishop: In Conversation With...
Samantha Womack,Kingsman: The Secret Service
Samantha Womack,One Night in Istanbul
Samantha Womack,"Famous, Rich And In The Slums with Comic Relief"
Samantha Womack,All Star Mr & Mrs
Samantha Womack,Dead Man's Cards
Samantha Womack,Home Again
Samantha Womack,Who Do You Think You Are?
Samantha Womack,The Baby Juice Express
Samantha Womack,Strange
Samantha Womack,Richard & Judy
Samantha Womack,Judge John Deed
Samantha Womack,Friday Night with Jonathan Ross
Samantha Womack,Cinderella: The ITV Pantomime
Samantha Womack,Liverpool 1
Samantha Womack,Babes in the Wood
Samantha Womack,Up 'n' Under
Samantha Womack,Deadly Instincts
Samantha Womack,Silent Witness
Samantha Womack,Game On
Samantha Womack,Pie in the Sky
Samantha Womack,Shooting Stars
Samantha Womack,A Murder of Quality
Samantha Womack,Jekyll & Hyde
Samantha Womack,Press Gang
Samantha Womack,EastEnders
Samantha Womack,The Bill
Samantha Womack,Minder
Samantha Womack,An Audience with...
